StartDate,EndDate,Status,IPAddress,Progress,Duration (in seconds),Finished,RecordedDate,ResponseId,RecipientLastName,RecipientFirstName,RecipientEmail,ExternalReference,LocationLatitude,LocationLongitude,DistributionChannel,UserLanguage,Q1,Q1_23_TEXT,Q2,Q2_10_TEXT,QID54,QID54_8_TEXT,1_(1),1_(2),1_(3),1_(4),2_(1),2_(2),2_(3),2_(4),3_(1),3_(2),3_(3),3_(4),4_(1),4_(2),4_(3),4_(4),5_(1),5_(2),5_(3),5_(4),6_(1),6_(2),6_(3),6_(4),7_(1),7_(2),7_(3),7_(4),8_(1),8_(2),8_(3),8_(4),Q3,Q4,Q5,Q6,Q7,Q7_4_TEXT,Q7_5_TEXT,Q8,Q9,QID34,QID34_8_TEXT,1_(1),1_(2),1_(3),1_(4),2_(1),2_(2),2_(3),2_(4),3_(1),3_(2),3_(3),3_(4),4_(1),4_(2),4_(3),4_(4),5_(1),5_(2),5_(3),5_(4),6_(1),6_(2),6_(3),6_(4),7_(1),7_(2),7_(3),7_(4),8_(1),8_(2),8_(3),8_(4),Q10,Q11,Q12,Q13,Q14,Q14_4_TEXT,Q14_5_TEXT,Q15,Q16,QID51,Q17,Q18,Q19
Start Date,End Date,Response Type,IP Address,Progress,Duration (in seconds),Finished,Recorded Date,Response ID,Recipient Last Name,Recipient First Name,Recipient Email,External Data Reference,Location Latitude,Location Longitude,Distribution Channel,User Language,"Which NYU schools, centers, or institutes are you affiliated with? Select all that apply. - Selected Choice","Which NYU schools, centers, or institutes are you affiliated with? Select all that apply. - School Affiliation not listed above (Please specify below) - Text",What is your current rank? - Selected Choice,What is your current rank? - Not listed above (Please specify below) - Text,"Which of the following Statistical Methodology do you currently use in your work, need help with, or expect that you may need help with in the future? Select all that apply.

 

(To see the definitions of the statistical methodology listed below, move your mouse near each methodology.) - Selected Choice","Which of the following Statistical Methodology do you currently use in your work, need help with, or expect that you may need help with in the future? Select all that apply.

 

(To see the definitions of the statistical methodology listed below, move your mouse near each methodology.) - Other (please write in): - Text","<span title=""How to determine the best design (for example, a simple randomized experiment, randomized block design, quasi-experiment, or observational study), setup a data collection process (e.g. what variables to collect and how and from whom.)"" style=""font-size:17.5px;"">Research Design</span> - How often do you currently need to perform these tasks ([Field-1]) in your research?","<span title=""How to determine the best design (for example, a simple randomized experiment, randomized block design, quasi-experiment, or observational study), setup a data collection process (e.g. what variables to collect and how and from whom.)"" style=""font-size:17.5px;"">Research Design</span> - To what extent do you think access to people who could help you with these tasks ([Field-1]) would help your research?","<span title=""How to determine the best design (for example, a simple randomized experiment, randomized block design, quasi-experiment, or observational study), setup a data collection process (e.g. what variables to collect and how and from whom.)"" style=""font-size:17.5px;"">Research Design</span> - How hard is it for you to currently support someone to help you with these tasks ([Field-1]) through your grants?","<span title=""How to determine the best design (for example, a simple randomized experiment, randomized block design, quasi-experiment, or observational study), setup a data collection process (e.g. what variables to collect and how and from whom.)"" style=""font-size:17.5px;"">Research Design</span> - How hard is it for you to currently find people to help you with these tasks ([Field-1])?","<span title=""This may include performing a sample size or power calculation, or writing an analysis plan for a grant."" style=""font-size:17.5px;"">Preparation of Statistical Grant Materials</span> - How often do you currently need to perform these tasks ([Field-1]) in your research?","<span title=""This may include performing a sample size or power calculation, or writing an analysis plan for a grant."" style=""font-size:17.5px;"">Preparation of Statistical Grant Materials</span> - To what extent do you think access to people who could help you with these tasks ([Field-1]) would help your research?","<span title=""This may include performing a sample size or power calculation, or writing an analysis plan for a grant."" style=""font-size:17.5px;"">Preparation of Statistical Grant Materials</span> - How hard is it for you to currently support someone to help you with these tasks ([Field-1]) through your grants?","<span title=""This may include performing a sample size or power calculation, or writing an analysis plan for a grant."" style=""font-size:17.5px;"">Preparation of Statistical Grant Materials</span> - How hard is it for you to currently find people to help you with these tasks ([Field-1])?","<span title=""This may include deciding which models should be used to answer research questions (for example, considering regression analysis, multilevel models, time series, structural equation model, growth curve analysis, Bayesian methodology), and/or which variables/features should be included in those models."" style=""font-size:17.5px;"">Model Selection and Specification</span> - How often do you currently need to perform these tasks ([Field-1]) in your research?","<span title=""This may include deciding which models should be used to answer research questions (for example, considering regression analysis, multilevel models, time series, structural equation model, growth curve analysis, Bayesian methodology), and/or which variables/features should be included in those models."" style=""font-size:17.5px;"">Model Selection and Specification</span> - To what extent do you think access to people who could help you with these tasks ([Field-1]) would help your research?","<span title=""This may include deciding which models should be used to answer research questions (for example, considering regression analysis, multilevel models, time series, structural equation model, growth curve analysis, Bayesian methodology), and/or which variables/features should be included in those models."" style=""font-size:17.5px;"">Model Selection and Specification</span> - How hard is it for you to currently support someone to help you with these tasks ([Field-1]) through your grants?","<span title=""This may include deciding which models should be used to answer research questions (for example, considering regression analysis, multilevel models, time series, structural equation model, growth curve analysis, Bayesian methodology), and/or which variables/features should be included in those models."" style=""font-size:17.5px;"">Model Selection and Specification</span> - How hard is it for you to currently find people to help you with these tasks ([Field-1])?","<span title=""This may include deciding how to implement a selected model and obtain results or how to handle warning or error messages from software."" style=""font-size:17.5px;"">Coding/Software Help</span> - How often do you currently need to perform these tasks ([Field-1]) in your research?","<span title=""This may include deciding how to implement a selected model and obtain results or how to handle warning or error messages from software."" style=""font-size:17.5px;"">Coding/Software Help</span> - To what extent do you think access to people who could help you with these tasks ([Field-1]) would help your research?","<span title=""This may include deciding how to implement a selected model and obtain results or how to handle warning or error messages from software."" style=""font-size:17.5px;"">Coding/Software Help</span> - How hard is it for you to currently support someone to help you with these tasks ([Field-1]) through your grants?","<span title=""This may include deciding how to implement a selected model and obtain results or how to handle warning or error messages from software."" style=""font-size:17.5px;"">Coding/Software Help</span> - How hard is it for you to currently find people to help you with these tasks ([Field-1])?","<span title=""This may include understanding how to interpret the results of the model and clearly present them."" style=""font-size:17.5px;"">Model Interpretation</span> - How often do you currently need to perform these tasks ([Field-1]) in your research?","<span title=""This may include understanding how to interpret the results of the model and clearly present them."" style=""font-size:17.5px;"">Model Interpretation</span> - To what extent do you think access to people who could help you with these tasks ([Field-1]) would help your research?","<span title=""This may include understanding how to interpret the results of the model and clearly present them."" style=""font-size:17.5px;"">Model Interpretation</span> - How hard is it for you to currently support someone to help you with these tasks ([Field-1]) through your grants?","<span title=""This may include understanding how to interpret the results of the model and clearly present them."" style=""font-size:17.5px;"">Model Interpretation</span> - How hard is it for you to currently find people to help you with these tasks ([Field-1])?","<span title=""This may include the process of creating a final dataset that can be used in analysis, such as creating indices, adding value labels to variables, handling missing data, linking records from one dataset to another, or detecting and correcting (or removing) corrupt or inaccurate records."" style=""font-size:17.5px;"">Preparing the Raw Data for Analysis</span> - How often do you currently need to perform these tasks ([Field-1]) in your research?","<span title=""This may include the process of creating a final dataset that can be used in analysis, such as creating indices, adding value labels to variables, handling missing data, linking records from one dataset to another, or detecting and correcting (or removing) corrupt or inaccurate records."" style=""font-size:17.5px;"">Preparing the Raw Data for Analysis</span> - To what extent do you think access to people who could help you with these tasks ([Field-1]) would help your research?","<span title=""This may include the process of creating a final dataset that can be used in analysis, such as creating indices, adding value labels to variables, handling missing data, linking records from one dataset to another, or detecting and correcting (or removing) corrupt or inaccurate records."" style=""font-size:17.5px;"">Preparing the Raw Data for Analysis</span> - How hard is it for you to currently support someone to help you with these tasks ([Field-1]) through your grants?","<span title=""This may include the process of creating a final dataset that can be used in analysis, such as creating indices, adding value labels to variables, handling missing data, linking records from one dataset to another, or detecting and correcting (or removing) corrupt or inaccurate records."" style=""font-size:17.5px;"">Preparing the Raw Data for Analysis</span> - How hard is it for you to currently find people to help you with these tasks ([Field-1])?","<span title=""This may include creating graphs and figures that visualize your data or results."" style=""font-size:17.5px;"">Data Visualization</span> - How often do you currently need to perform these tasks ([Field-1]) in your research?","<span title=""This may include creating graphs and figures that visualize your data or results."" style=""font-size:17.5px;"">Data Visualization</span> - To what extent do you think access to people who could help you with these tasks ([Field-1]) would help your research?","<span title=""This may include creating graphs and figures that visualize your data or results."" style=""font-size:17.5px;"">Data Visualization</span> - How hard is it for you to currently support someone to help you with these tasks ([Field-1]) through your grants?","<span title=""This may include creating graphs and figures that visualize your data or results."" style=""font-size:17.5px;"">Data Visualization</span> - How hard is it for you to currently find people to help you with these tasks ([Field-1])?","<span style=""font-size:17.5px;"">Other (please write in):</span> - How often do you currently need to perform these tasks ([Field-1]) in your research?","<span style=""font-size:17.5px;"">Other (please write in):</span> - To what extent do you think access to people who could help you with these tasks ([Field-1]) would help your research?","<span style=""font-size:17.5px;"">Other (please write in):</span> - How hard is it for you to currently support someone to help you with these tasks ([Field-1]) through your grants?","<span style=""font-size:17.5px;"">Other (please write in):</span> - How hard is it for you to currently find people to help you with these tasks ([Field-1])?","Generally, what level of effort (in FTE or full time equivalent) would be needed to satisfy your research needs (across all of your projects) for the types of statistical methodology services described above?","Generally, what level of effort (in FTE or full time equivalent) could you reasonably expect to support (across all of your projects) the statistical methodology services described above from your grants?",Which best describes your opinion about supporting your statistical methodology needs through grants?,Imagine there was a university-selected pool of people available to contract. Which best describes your opinion about contracting these services from a university pool?,How do you access statistical services? Select all that apply. - Selected Choice,How do you access statistical services? Select all that apply. - Seek consultation from outside the university (Please specify which:) - Text,How do you access statistical services? Select all that apply. - Other (Please specify which:) - Text,When do you expect or usually rely on the types of services listed above?,"In general, do you need help with the services listed above because:","Which of the following Software Engineering do you currently use in your work, need help with, or expect that you may need help with in the future? Select all that apply.

 

(To see the definitions of the software engineering listed below, move your mouse near each methodology.) - Selected Choice","Which of the following Software Engineering do you currently use in your work, need help with, or expect that you may need help with in the future? Select all that apply.

 

(To see the definitions of the software engineering listed below, move your mouse near each methodology.) - Other (please write in): - Text","<span style=""font-size:17.5px;""><span title=""This may involve creating a User Interface (UI) for a website, e.g. using javascript."">Web Front-end</span> - How often do you currently need to perform these tasks ([Field-1]) in your research?","<span style=""font-size:17.5px;""><span title=""This may involve creating a User Interface (UI) for a website, e.g. using javascript."">Web Front-end</span> - To what extent do you think access to people who could help you with these tasks ([Field-1]) would help your research?","<span style=""font-size:17.5px;""><span title=""This may involve creating a User Interface (UI) for a website, e.g. using javascript."">Web Front-end</span> - How hard is it for you to currently support someone to help you with these tasks ([Field-1]) through your grants?","<span style=""font-size:17.5px;""><span title=""This may involve creating a User Interface (UI) for a website, e.g. using javascript."">Web Front-end</span> - How hard is it for you to currently find people to help you with these tasks ([Field-1])?","<span style=""font-size:17.5px;""><span title=""This may involve skills needed to make a complex application accessible through the browser (setting up a user interface, a server, and a database). This may further include retrieving and / or offering data through the internet, using a web 'API'."">Web Development</span> - How often do you currently need to perform these tasks ([Field-1]) in your research?","<span style=""font-size:17.5px;""><span title=""This may involve skills needed to make a complex application accessible through the browser (setting up a user interface, a server, and a database). This may further include retrieving and / or offering data through the internet, using a web 'API'."">Web Development</span> - To what extent do you think access to people who could help you with these tasks ([Field-1]) would help your research?","<span style=""font-size:17.5px;""><span title=""This may involve skills needed to make a complex application accessible through the browser (setting up a user interface, a server, and a database). This may further include retrieving and / or offering data through the internet, using a web 'API'."">Web Development</span> - How hard is it for you to currently support someone to help you with these tasks ([Field-1]) through your grants?","<span style=""font-size:17.5px;""><span title=""This may involve skills needed to make a complex application accessible through the browser (setting up a user interface, a server, and a database). This may further include retrieving and / or offering data through the internet, using a web 'API'."">Web Development</span> - How hard is it for you to currently find people to help you with these tasks ([Field-1])?","<span style=""font-size:17.5px;""><span title=""They are technologies that package applications into containers (e.g., Docker) and deploy them on cloud infrastructure (either on NYU IT infrastructure or using external cloud providers). This may also include using Kubernetes."">Containerization and Cloud Computing</span> - How often do you currently need to perform these tasks ([Field-1]) in your research?","<span style=""font-size:17.5px;""><span title=""They are technologies that package applications into containers (e.g., Docker) and deploy them on cloud infrastructure (either on NYU IT infrastructure or using external cloud providers). This may also include using Kubernetes."">Containerization and Cloud Computing</span> - To what extent do you think access to people who could help you with these tasks ([Field-1]) would help your research?","<span style=""font-size:17.5px;""><span title=""They are technologies that package applications into containers (e.g., Docker) and deploy them on cloud infrastructure (either on NYU IT infrastructure or using external cloud providers). This may also include using Kubernetes."">Containerization and Cloud Computing</span> - How hard is it for you to currently support someone to help you with these tasks ([Field-1]) through your grants?","<span style=""font-size:17.5px;""><span title=""They are technologies that package applications into containers (e.g., Docker) and deploy them on cloud infrastructure (either on NYU IT infrastructure or using external cloud providers). This may also include using Kubernetes."">Containerization and Cloud Computing</span> - How hard is it for you to currently find people to help you with these tasks ([Field-1])?","<span style=""font-size:17.5px;""><span title=""It refers to best practices around software that is being distributed for use by the broader community (documentation, testing, etc."">Python or R package building</span> - How often do you currently need to perform these tasks ([Field-1]) in your research?","<span style=""font-size:17.5px;""><span title=""It refers to best practices around software that is being distributed for use by the broader community (documentation, testing, etc."">Python or R package building</span> - To what extent do you think access to people who could help you with these tasks ([Field-1]) would help your research?","<span style=""font-size:17.5px;""><span title=""It refers to best practices around software that is being distributed for use by the broader community (documentation, testing, etc."">Python or R package building</span> - How hard is it for you to currently support someone to help you with these tasks ([Field-1]) through your grants?","<span style=""font-size:17.5px;""><span title=""It refers to best practices around software that is being distributed for use by the broader community (documentation, testing, etc."">Python or R package building</span> - How hard is it for you to currently find people to help you with these tasks ([Field-1])?","<span style=""font-size:17.5px;""><span title=""It involves working directly with source code. The focus is not on writing the software from scratch, but improving it structurally. This may also include code optimization, which refers to profiling code to find performance bottlenecks and rewriting specific aspects of the code to make it more efficient."">Software refactoring</span> - How often do you currently need to perform these tasks ([Field-1]) in your research?","<span style=""font-size:17.5px;""><span title=""It involves working directly with source code. The focus is not on writing the software from scratch, but improving it structurally. This may also include code optimization, which refers to profiling code to find performance bottlenecks and rewriting specific aspects of the code to make it more efficient."">Software refactoring</span> - To what extent do you think access to people who could help you with these tasks ([Field-1]) would help your research?","<span style=""font-size:17.5px;""><span title=""It involves working directly with source code. The focus is not on writing the software from scratch, but improving it structurally. This may also include code optimization, which refers to profiling code to find performance bottlenecks and rewriting specific aspects of the code to make it more efficient."">Software refactoring</span> - How hard is it for you to currently support someone to help you with these tasks ([Field-1]) through your grants?","<span style=""font-size:17.5px;""><span title=""It involves working directly with source code. The focus is not on writing the software from scratch, but improving it structurally. This may also include code optimization, which refers to profiling code to find performance bottlenecks and rewriting specific aspects of the code to make it more efficient."">Software refactoring</span> - How hard is it for you to currently find people to help you with these tasks ([Field-1])?","<span style=""font-size:17.5px;""><span title=""Database is used here as a catch-all for database services."">Database</span> - How often do you currently need to perform these tasks ([Field-1]) in your research?","<span style=""font-size:17.5px;""><span title=""Database is used here as a catch-all for database services."">Database</span> - To what extent do you think access to people who could help you with these tasks ([Field-1]) would help your research?","<span style=""font-size:17.5px;""><span title=""Database is used here as a catch-all for database services."">Database</span> - How hard is it for you to currently support someone to help you with these tasks ([Field-1]) through your grants?","<span style=""font-size:17.5px;""><span title=""Database is used here as a catch-all for database services."">Database</span> - How hard is it for you to currently find people to help you with these tasks ([Field-1])?","<span style=""font-size:17.5px;""><span title=""A crowdsourcing marketplace used when human input is needed for certain tasks"">Mechanical Turk</span> - How often do you currently need to perform these tasks ([Field-1]) in your research?","<span style=""font-size:17.5px;""><span title=""A crowdsourcing marketplace used when human input is needed for certain tasks"">Mechanical Turk</span> - To what extent do you think access to people who could help you with these tasks ([Field-1]) would help your research?","<span style=""font-size:17.5px;""><span title=""A crowdsourcing marketplace used when human input is needed for certain tasks"">Mechanical Turk</span> - How hard is it for you to currently support someone to help you with these tasks ([Field-1]) through your grants?","<span style=""font-size:17.5px;""><span title=""A crowdsourcing marketplace used when human input is needed for certain tasks"">Mechanical Turk</span> - How hard is it for you to currently find people to help you with these tasks ([Field-1])?","<span style=""font-size:17.5px;"">Other (please write in): - How often do you currently need to perform these tasks ([Field-1]) in your research?","<span style=""font-size:17.5px;"">Other (please write in): - To what extent do you think access to people who could help you with these tasks ([Field-1]) would help your research?","<span style=""font-size:17.5px;"">Other (please write in): - How hard is it for you to currently support someone to help you with these tasks ([Field-1]) through your grants?","<span style=""font-size:17.5px;"">Other (please write in): - How hard is it for you to currently find people to help you with these tasks ([Field-1])?","Generally, what level of effort (in FTE or full time equivalent) would be needed to satisfy your research needs (across all of your projects) for the types of software engineering services described above?","Generally, what level of effort (in FTE or full time equivalent) could you reasonably expect to support (across all of your projects) the software engineering services described above from your grants?",Which best describes your opinion about supporting your software engineering needs through grants?,Imagine there was a university-selected pool of people available to contract. Which best describes your opinion about contracting these services from a university pool?,How do you access software services? Select all that apply. - Selected Choice,How do you access software services? Select all that apply. - Seek consultation from outside the university (Please specify which:) - Text,How do you access software services? Select all that apply. - Other (Please specify which:) - Text,When do you expect or usually rely on the types of services listed above?,"In general, do you need help with the services listed above because:","The following questions ask you about your past experiences. While all other data collected will only be shared in aggregate, for the following questions we may want to share quotes from these individual responses (anonymously). If you are not willing to have your responses quoted, please click the following button:","Is there a time where having access to such a service would have improved your research? Do you have any other experiences related to contracting statistical or software services at NYU? Please mention any experiences of seeking such services, or any other aspects not mentioned in this survey that you want to share.",Please let us know if you have any further comments.,"If you are willing to be contacted in the future as a follow up to this survey, please leave us your email address."
"{""ImportId"":""startDate"",""timeZone"":""America/Denver""}","{""ImportId"":""endDate"",""timeZone"":""America/Denver""}","{""ImportId"":""status""}","{""ImportId"":""ipAddress""}","{""ImportId"":""progress""}","{""ImportId"":""duration""}","{""ImportId"":""finished""}","{""ImportId"":""recordedDate"",""timeZone"":""America/Denver""}","{""ImportId"":""_recordId""}","{""ImportId"":""recipientLastName""}","{""ImportId"":""recipientFirstName""}","{""ImportId"":""recipientEmail""}","{""ImportId"":""externalDataReference""}","{""ImportId"":""locationLatitude""}","{""ImportId"":""locationLongitude""}","{""ImportId"":""distributionChannel""}","{""ImportId"":""userLanguage""}","{""ImportId"":""QID1""}","{""ImportId"":""QID1_23_TEXT""}","{""ImportId"":""QID2""}","{""ImportId"":""QID2_10_TEXT""}","{""ImportId"":""QID54""}","{""ImportId"":""QID54_8_TEXT""}","{""ImportId"":""1_QID18""}","{""ImportId"":""1_QID22""}","{""ImportId"":""1_QID24""}","{""ImportId"":""1_QID25""}","{""ImportId"":""2_QID18""}","{""ImportId"":""2_QID22""}","{""ImportId"":""2_QID24""}","{""ImportId"":""2_QID25""}","{""ImportId"":""3_QID18""}","{""ImportId"":""3_QID22""}","{""ImportId"":""3_QID24""}","{""ImportId"":""3_QID25""}","{""ImportId"":""4_QID18""}","{""ImportId"":""4_QID22""}","{""ImportId"":""4_QID24""}","{""ImportId"":""4_QID25""}","{""ImportId"":""5_QID18""}","{""ImportId"":""5_QID22""}","{""ImportId"":""5_QID24""}","{""ImportId"":""5_QID25""}","{""ImportId"":""6_QID18""}","{""ImportId"":""6_QID22""}","{""ImportId"":""6_QID24""}","{""ImportId"":""6_QID25""}","{""ImportId"":""7_QID18""}","{""ImportId"":""7_QID22""}","{""ImportId"":""7_QID24""}","{""ImportId"":""7_QID25""}","{""ImportId"":""8_QID18""}","{""ImportId"":""8_QID22""}","{""ImportId"":""8_QID24""}","{""ImportId"":""8_QID25""}","{""ImportId"":""QID27""}","{""ImportId"":""QID29""}","{""ImportId"":""QID28""}","{""ImportId"":""QID30""}","{""ImportId"":""QID31""}","{""ImportId"":""QID31_4_TEXT""}","{""ImportId"":""QID31_5_TEXT""}","{""ImportId"":""QID32""}","{""ImportId"":""QID33""}","{""ImportId"":""QID34""}","{""ImportId"":""QID34_8_TEXT""}","{""ImportId"":""1_QID36""}","{""ImportId"":""1_QID37""}","{""ImportId"":""1_QID38""}","{""ImportId"":""1_QID39""}","{""ImportId"":""2_QID36""}","{""ImportId"":""2_QID37""}","{""ImportId"":""2_QID38""}","{""ImportId"":""2_QID39""}","{""ImportId"":""3_QID36""}","{""ImportId"":""3_QID37""}","{""ImportId"":""3_QID38""}","{""ImportId"":""3_QID39""}","{""ImportId"":""4_QID36""}","{""ImportId"":""4_QID37""}","{""ImportId"":""4_QID38""}","{""ImportId"":""4_QID39""}","{""ImportId"":""5_QID36""}","{""ImportId"":""5_QID37""}","{""ImportId"":""5_QID38""}","{""ImportId"":""5_QID39""}","{""ImportId"":""6_QID36""}","{""ImportId"":""6_QID37""}","{""ImportId"":""6_QID38""}","{""ImportId"":""6_QID39""}","{""ImportId"":""7_QID36""}","{""ImportId"":""7_QID37""}","{""ImportId"":""7_QID38""}","{""ImportId"":""7_QID39""}","{""ImportId"":""8_QID36""}","{""ImportId"":""8_QID37""}","{""ImportId"":""8_QID38""}","{""ImportId"":""8_QID39""}","{""ImportId"":""QID41""}","{""ImportId"":""QID42""}","{""ImportId"":""QID43""}","{""ImportId"":""QID44""}","{""ImportId"":""QID45""}","{""ImportId"":""QID45_4_TEXT""}","{""ImportId"":""QID45_5_TEXT""}","{""ImportId"":""QID46""}","{""ImportId"":""QID47""}","{""ImportId"":""QID51""}","{""ImportId"":""QID48_TEXT""}","{""ImportId"":""QID49_TEXT""}","{""ImportId"":""QID50_TEXT""}"
2020-04-22 11:10:46,2020-04-22 11:14:47,IP Address,74.101.141.101,100,241,True,2020-04-22 11:14:48,R_3PGFVQNUl4pq6Ig,,,,,40.7263031005859375,-73.9817962646484375,anonymous,EN,"The Institute of Fine Arts (ISA),NYU Long Island School of Medicine",,Research Professor,,"Preparation of Statistical Grant Materials,Model Selection and Specification,Data Visualization",,,,,,Sometimes,Moderately help,It is usually possible for me to do this,Not hard,Rarely,Slightly help,It is usually possible for me to do this,It is usually possible for me to do this,,,,,,,,,,,,,Sometimes,,It is usually possible for me to do this,Not hard,,,,,0.25 FTEs,0.5 FTEs,Usually I can only partially support the level of effort that I need through grants (even if hiring wasn't an obstacle).,I would consider contracting such services as long as there is someone that is a good fit for my needs.,"Collaborate with a professor,Seek consultation from outside the university (Please specify which:)",,,After receiving a grant,They are methods or things that you know how to do but do not have the time to implement yourself.,Mechanical Turk,,,,,,,,,,,,,,,,,,,,,,,,,,Sometimes,Greatly help,It is usually possible for me to do this,It is usually possible for me to do this,,,,,0.25 FTEs,0.5 FTEs,"I would usually be able to support the level of effort that I need through grants, but it is difficult to hire skilled people given the duration of contracts and/or level of effort I require.",I am skeptical of an arrangement where I didn't hire the person myself.,Collaborate with a professor,,,Both before and after grants are submitted,"They are methods or things that are innovative that you potentially have not used yourself, but could help push forward the research.",,This is decoy other experience 1.,:),pretendtobearespondent1@nyu.edu
2020-04-22 11:15:00,2020-04-22 11:18:43,IP Address,74.101.141.101,100,223,True,2020-04-22 11:18:43,R_W9hyPl6UhtObojf,,,,,40.7263031005859375,-73.9817962646484375,anonymous,EN,College of Dentistry,,Associate Professor,,"Preparation of Statistical Grant Materials,Data Visualization",,,,,,Rarely,Slightly help,It is usually possible for me to do this,Not hard,,,,,,,,,,,,,,,,,,Not at all,It is usually possible for me to do this,It is usually possible for me to do this,,,,,0.5 FTEs,0.5 FTEs,Usually I can only partially support the level of effort that I need through grants (even if hiring wasn't an obstacle).,I would consider contracting such services as long as there is someone that is a good fit for my needs.,Hire a student,,,Regardless of whether I am applying for a grant.,They are methods or things that you know how to do but do not have the time to implement yourself.,,,,,,,,,,,,,,,,,,,,,,,,,,,,,,,,,,,,,,,,,,,,Please click this button if you would NOT allow us to quote your responses.,decoy other experience 2.,:) :),pretendtoberespondent2@gmail.com
2020-04-22 11:18:54,2020-04-22 11:21:11,IP Address,74.101.141.101,100,137,True,2020-04-22 11:21:12,R_3hoUqgVOMeeRFrl,,,,,40.7263031005859375,-73.9817962646484375,anonymous,EN,School of Law,,Visiting Professor,,"Coding/Software Help,Other (please write in):",,,,,,,,,,,,,,Sometimes,Slightly help,It is usually possible for me to do this,It is usually possible for me to do this,,,,,,,,,,,,,Sometimes,Moderately help,Very hard,Not hard,0.5 FTEs,0.5 FTEs,"I would usually be able to support the level of effort that I need through grants, but it is difficult to hire skilled people given the duration of contracts and/or level of effort I require.",I would consider contracting such services as long as there is someone that is a good fit for my needs.,"Seek consultation from outside the university (Please specify which:),Other (Please specify which:)",,,After receiving a grant,They are methods or things that you know how to do but do not have the time to implement yourself.,Containerization and Cloud Computing,,,,,,,,,,Sometimes,Greatly help,It is usually possible for me to do this,It is usually possible for me to do this,,,,,,,,,,,,,,,,,,,,,0.5 FTEs,0.75 FTEs,It is usually possible for me to hire the personnel needed to satisfy my needs through grants on my own.,I would consider contracting such services as long as there is someone that is a good fit for my needs.,"Hire a student,Collaborate with a professor",,,Both before and after grants are submitted,"They are methods or things that are innovative that you potentially have not used yourself, but could help push forward the research.",,decoy other experience 3.,:) :) :),
2020-04-22 11:23:44,2020-04-22 11:27:16,IP Address,74.101.141.101,100,212,True,2020-04-22 11:27:17,R_3njZfaYEoDSdIzD,,,,,40.7263031005859375,-73.9817962646484375,anonymous,EN,School of Global Public Health,,Assistant Professor,,"Research Design,Preparing the Raw Data for Analysis,Coding/Software Help,Data Visualization",,,,,,,,,,,,,,Rarely,Slightly help,Very hard,It is usually possible for me to do this,,,,,Rarely,Not at all,It is usually possible for me to do this,It is usually possible for me to do this,,Moderately help,It is usually possible for me to do this,It is usually possible for me to do this,,,,,0.25 FTEs,0.75 FTEs,It is usually possible for me to hire the personnel needed to satisfy my needs through grants on my own.,I would consider contracting such services as long as there is someone that is a good fit for my needs.,Hire a student,,,Before a grant is submitted,"They are methods or things that are innovative that you potentially have not used yourself, but could help push forward the research.","Web Development,Python or R package building,Database,Mechanical Turk",,,,,,Sometimes,Greatly help,Not hard,Very hard,,,,,Not at all,Not at all,It is usually possible for me to do this,Not hard,,,,,Rarely,Not at all,Very hard,Not hard,Rarely,Not at all,It is usually possible for me to do this,Not hard,,,,,0 FTEs,1 FTEs,Usually I can only partially support the level of effort that I need through grants (even if hiring wasn't an obstacle).,I do not need any of these services.,I don’t,,,Before a grant is submitted,,,decoy other experience 4,:) :) :) :),ilovestats@statlover.com
2020-04-22 11:27:57,2020-04-22 11:32:06,IP Address,74.101.141.101,100,249,True,2020-04-22 11:32:07,R_RQqwFD8HezEF7z3,,,,,40.7263031005859375,-73.9817962646484375,anonymous,EN,Arts & Science,,Professor,,"Preparing the Raw Data for Analysis,Model Interpretation,Data Visualization",,,,,,,,,,,,,,,,,,Sometimes,Not at all,Not hard,It is usually possible for me to do this,Sometimes,Not at all,Not hard,It is usually possible for me to do this,Often,Critical to my research,Very hard,Very hard,,,,,1 FTEs,0.75 FTEs,It is usually possible for me to hire the personnel needed to satisfy my needs through grants on my own.,I am skeptical of an arrangement where I didn't hire the person myself.,"Seek consultation from outside the university (Please specify which:),Other (Please specify which:)",my former collegue,,After receiving a grant,They are methods or things that you know how to do but do not have the time to implement yourself.,"Web Development,Containerization and Cloud Computing,Other (please write in):",,,,,,Sometimes,Slightly help,It is usually possible for me to do this,Not hard,Rarely,Greatly help,It is usually possible for me to do this,It is usually possible for me to do this,,,,,,,,,,,,,,,,,Often,Moderately help,It is usually possible for me to do this,Not hard,0.5 FTEs,0 FTEs,It is usually possible for me to hire the personnel needed to satisfy my needs through grants on my own.,I would be happy to contract these services through a university pool,Collaborate with a professor,,,Regardless of whether I am applying for a grant.,"They are methods or things that are innovative that you potentially have not used yourself, but could help push forward the research.",Please click this button if you would NOT allow us to quote your responses.,decoy experience 5,:) :) :) :) :),
2020-04-22 11:32:26,2020-04-22 11:37:37,IP Address,74.101.141.101,100,311,True,2020-04-22 11:37:37,R_3ERxbdXIwjO66G0,,,,,40.7263031005859375,-73.9817962646484375,anonymous,EN,Marron Institute,,Postdoctoral Fellow,,"Preparing the Raw Data for Analysis,Data Visualization",,,,,,,,,,,,,,,,,,,,,,Sometimes,Not at all,It is usually possible for me to do this,Not hard,Sometimes,Slightly help,It is usually possible for me to do this,It is usually possible for me to do this,,,,,0.5 FTEs,0.75 FTEs,"I would usually be able to support the level of effort that I need through grants, but it is difficult to hire skilled people given the duration of contracts and/or level of effort I require.",I do not need any of these services.,Hire a student,,,Regardless of whether I am applying for a grant.,"They are methods or things that are innovative that you potentially have not used yourself, but could help push forward the research.","Containerization and Cloud Computing,Software refactoring,Database,Mechanical Turk",,,,,,,,,,Often,Not at all,It is usually possible for me to do this,Very hard,,,,,Not at all,Critical to my research,Very hard,It is usually possible for me to do this,Often,Greatly help,Not hard,Not hard,Rarely,Greatly help,It is usually possible for me to do this,Not hard,,,,,0.75 FTEs,1 FTEs,It is usually possible for me to hire the personnel needed to satisfy my needs through grants on my own.,I would consider contracting such services as long as there is someone that is a good fit for my needs.,"Hire a student,Seek consultation from outside the university (Please specify which:)",,,Before a grant is submitted,They are methods or things that you know how to do but do not have the time to implement yourself.,,,I am just a little cat ₍˄·༝·˄₎◞ ̑̑,
2020-04-23 08:58:27,2020-04-23 08:59:49,IP Address,74.101.141.101,100,82,True,2020-04-23 08:59:50,R_28ANP9elEZFzDHY,,,,,40.7263031005859375,-73.9817962646484375,anonymous,EN,"School of Professional Studies,The Center for Data Science (CDS)",,Student,,"Preparing the Raw Data for Analysis,Data Visualization",,,,,,,,,,,,,,,,,,,,,,Sometimes,Slightly help,,Not hard,Rarely,Moderately help,Not hard,Very hard,,,,,1 FTEs,0.25 FTEs,"I would usually be able to support the level of effort that I need through grants, but it is difficult to hire skilled people given the duration of contracts and/or level of effort I require.",I would consider contracting such services as long as there is someone that is a good fit for my needs.,I don’t,,,After receiving a grant,They are methods or things that you know how to do but do not have the time to implement yourself.,Web Front-end,,Sometimes,Moderately help,Not hard,It is usually possible for me to do this,,,,,,,,,,,,,,,,,,,,,,,,,,,,,0 FTEs,0.25 FTEs,Usually I can only partially support the level of effort that I need through grants (even if hiring wasn't an obstacle).,I do not need any of these services.,Seek consultation from outside the university (Please specify which:),,,Both before and after grants are submitted,"They are methods or things that are innovative that you potentially have not used yourself, but could help push forward the research.",,,,
2020-04-23 09:00:11,2020-04-23 09:02:22,IP Address,74.101.141.101,100,131,True,2020-04-23 09:02:23,R_3HpNLPiRwup1OOA,,,,,40.7263031005859375,-73.9817962646484375,anonymous,EN,Robert F. Wagner Graduate School of Public Service,,Clinical Professor,,"Preparation of Statistical Grant Materials,Coding/Software Help,Model Interpretation",,,,,,Rarely,Not at all,Very hard,Not hard,,,,,Sometimes,Not at all,It is usually possible for me to do this,Very hard,Often,Slightly help,It is usually possible for me to do this,Very hard,,,,,,,,,,,,,1 FTEs,0.75 FTEs,I don’t need to hire anyone to help with statistical methodology,I am skeptical of an arrangement where I didn't hire the person myself.,Hire a student,,,Regardless of whether I am applying for a grant.,"They are methods or things that are innovative that you potentially have not used yourself, but could help push forward the research.","Python or R package building,Mechanical Turk",,,,,,,,,,,,,,Rarely,Critical to my research,It is usually possible for me to do this,It is usually possible for me to do this,,,,,,,,,Rarely,Greatly help,Not hard,Very hard,,,,,0.5 FTEs,0.75 FTEs,It is usually possible for me to hire the personnel needed to satisfy my needs through grants on my own.,I am skeptical of an arrangement where I didn't hire the person myself.,"Seek consultation from outside the university (Please specify which:),Other (Please specify which:)",,,After receiving a grant,They are methods or things that you know how to do but do not have the time to implement yourself.,,,This is a fake comment.,
2020-04-23 09:02:32,2020-04-23 09:04:35,IP Address,74.101.141.101,100,123,True,2020-04-23 09:04:36,R_2104O8qiy6LQoSu,,,,,40.7263031005859375,-73.9817962646484375,anonymous,EN,"College of Dentistry,Steinhardt School of Culture, Education, and Human Development,Tandon School of Engineering",,Adjunct Professor,,"Preparing the Raw Data for Analysis,Model Interpretation",,,,,,,,,,,,,,,,,,,,,It is usually possible for me to do this,Rarely,Moderately help,Not hard,Very hard,,,,,,,,,0.5 FTEs,0 FTEs,It is unlikely that I could support any of my needs through grants.,I would consider contracting such services as long as there is someone that is a good fit for my needs.,Hire a student,,,Regardless of whether I am applying for a grant.,"They are methods or things that are innovative that you potentially have not used yourself, but could help push forward the research.","Web Front-end,Web Development,Mechanical Turk",,Rarely,Slightly help,It is usually possible for me to do this,It is usually possible for me to do this,Often,Greatly help,It is usually possible for me to do this,It is usually possible for me to do this,,,,,,,,,,,,,,,,,Sometimes,Slightly help,It is usually possible for me to do this,It is usually possible for me to do this,,,,,0.75 FTEs,0.25 FTEs,It is usually possible for me to hire the personnel needed to satisfy my needs through grants on my own.,I would be happy to contract these services through a university pool,Other (Please specify which:),,other1,Regardless of whether I am applying for a grant.,They are methods or things that you know how to do but do not have the time to implement yourself.,,,,
2020-04-23 09:06:16,2020-04-23 09:09:52,IP Address,74.101.141.101,100,215,True,2020-04-23 09:09:52,R_3KYF2A0wf1fGWuS,,,,,40.7263031005859375,-73.9817962646484375,anonymous,EN,"Leonard N. Stern School of Business,School of Global Public Health",,Professor,,Preparation of Statistical Grant Materials,,,,,,Often,Critical to my research,Very hard,Not hard,,,,,,,,,,,,,,,,,,,,,,,,,0.5 FTEs,1 FTEs,Usually I can only partially support the level of effort that I need through grants (even if hiring wasn't an obstacle).,I do not need any of these services.,I don’t,,,After receiving a grant,They are methods or things that you know how to do but do not have the time to implement yourself.,"Database,Mechanical Turk",,,,,,,,,,,,,,,,,,,,,,Sometimes,Slightly help,It is usually possible for me to do this,It is usually possible for me to do this,Often,Greatly help,Not hard,Not hard,,,,,1 FTEs,0.5 FTEs,It is unlikely that I could support any of my needs through grants.,I would be happy to contract these services through a university pool,"Collaborate with a professor,Seek consultation from outside the university (Please specify which:)",,,Before a grant is submitted,"They are methods or things that are innovative that you potentially have not used yourself, but could help push forward the research.",Please click this button if you would NOT allow us to quote your responses.,This is a test experience.,This is a test comment.,
2020-04-23 09:09:57,2020-04-23 09:11:45,IP Address,74.101.141.101,100,108,True,2020-04-23 09:11:45,R_3lt7U1m50vsW6hL,,,,,40.7263031005859375,-73.9817962646484375,anonymous,EN,"School of Professional Studies,NYU Long Island School of Medicine",,Not listed above (Please specify below),otherrank,"Preparation of Statistical Grant Materials,Preparing the Raw Data for Analysis",,,,,,Often,Not at all,It is usually possible for me to do this,Very hard,,,,,,,,,,,,,Rarely,Not at all,It is usually possible for me to do this,Not hard,,,,,,,,,1 FTEs,0.75 FTEs,It is usually possible for me to hire the personnel needed to satisfy my needs through grants on my own.,I do not need any of these services.,Hire a student,,,Regardless of whether I am applying for a grant.,They are methods or things that you know how to do but do not have the time to implement yourself.,Python or R package building,,,,,,,,,,,,,,Sometimes,Moderately help,Not hard,Very hard,,,,,,,,,,,,,,,,,0.75 FTEs,0 FTEs,I don’t need to hire anyone to help with software engineering,I am skeptical of an arrangement where I didn't hire the person myself.,Collaborate with a professor,,,Regardless of whether I am applying for a grant.,"They are methods or things that are innovative that you potentially have not used yourself, but could help push forward the research.",,,,test@gmail.com
2020-04-23 09:12:21,2020-04-23 09:13:48,IP Address,74.101.141.101,100,86,True,2020-04-23 09:13:48,R_24Ga28hq2lowldj,,,,,40.7263031005859375,-73.9817962646484375,anonymous,EN,Rory Meyers College of Nursing,,Assistant Professor,,Model Interpretation,,,,,,,,,,,,,,,,,,Not at all,Slightly help,Very hard,It is usually possible for me to do this,,,,,,,,,,,,,0.75 FTEs,1 FTEs,Usually I can only partially support the level of effort that I need through grants (even if hiring wasn't an obstacle).,I would be happy to contract these services through a university pool.,Seek consultation from outside the university (Please specify which:),,,Before a grant is submitted,"They are methods or things that are innovative that you potentially have not used yourself, but could help push forward the research.","Software refactoring,Database",,,,,,,,,,,,,,,,,,Not at all,Slightly help,Very hard,Very hard,Not at all,Slightly help,It is usually possible for me to do this,Not hard,,,,,,,,,0.75 FTEs,0.5 FTEs,It is usually possible for me to hire the personnel needed to satisfy my needs through grants on my own.,I would consider contracting such services as long as there is someone that is a good fit for my needs.,"Hire a student,Collaborate with a professor",,,Both before and after grants are submitted,They are methods or things that you know how to do but do not have the time to implement yourself.,,;),,
2020-04-23 09:13:54,2020-04-23 09:16:32,IP Address,74.101.141.101,100,157,True,2020-04-23 09:16:32,R_2yeGKaopohHKUuo,,,,,40.7263031005859375,-73.9817962646484375,anonymous,EN,Arts & Science,,Professor,,Data Visualization,,,,,,,,,,,,,,,,,,,,,,,,,,Not at all,Slightly help,It is usually possible for me to do this,It is usually possible for me to do this,,,,,0.75 FTEs,0.25 FTEs,"I would usually be able to support the level of effort that I need through grants, but it is difficult to hire skilled people given the duration of contracts and/or level of effort I require.",I would be happy to contract these services through a university pool.,I don’t,,,Regardless of whether I am applying for a grant.,"They are methods or things that are innovative that you potentially have not used yourself, but could help push forward the research.",Containerization and Cloud Computing,,,,,,,,,,Often,Greatly help,Very hard,It is usually possible for me to do this,,,,,,,,,,,,,,,,,,,,,1 FTEs,0.75 FTEs,I don’t need to hire anyone to help with software engineering,I am skeptical of an arrangement where I didn't hire the person myself.,Other (Please specify which:),,,Regardless of whether I am applying for a grant.,"They are methods or things that are innovative that you potentially have not used yourself, but could help push forward the research.",Please click this button if you would NOT allow us to quote your responses.,^.^,,
2020-04-23 09:16:42,2020-04-23 09:17:41,IP Address,74.101.141.101,100,59,True,2020-04-23 09:17:41,R_3meoc4WNwI64G2t,,,,,40.7263031005859375,-73.9817962646484375,anonymous,EN,Marron Institute,,Associate Professor,,,,,,,,,,,,,,,,,,,,,,,,,,,,,,,,,,,,,,,,,,,,,"Software refactoring,Mechanical Turk",,,,,,,,,,,,,,,,,,Often,Slightly help,Very hard,It is usually possible for me to do this,,,,,Rarely,Not at all,Very hard,It is usually possible for me to do this,,,,,0.25 FTEs,1 FTEs,"I would usually be able to support the level of effort that I need through grants, but it is difficult to hire skilled people given the duration of contracts and/or level of effort I require.",I would consider contracting such services as long as there is someone that is a good fit for my needs.,Hire a student,,,Regardless of whether I am applying for a grant.,They are methods or things that you know how to do but do not have the time to implement yourself.,,,,
2020-04-23 09:18:00,2020-04-23 09:21:28,IP Address,74.101.141.101,100,207,True,2020-04-23 09:21:28,R_03cgZ6Cu1vyp0UF,,,,,40.7263031005859375,-73.9817962646484375,anonymous,EN,"Arts & Science,Silver School of Social Work",,Postdoctoral Fellow,,Model Interpretation,,,,,,,,,,,,,,,,,,Sometimes,Greatly help,It is usually possible for me to do this,Very hard,,,,,,,,,,,,,0.75 FTEs,0.25 FTEs,It is usually possible for me to hire the personnel needed to satisfy my needs through grants on my own.,I would consider contracting such services as long as there is someone that is a good fit for my needs.,I don’t,,,Both before and after grants are submitted,"They are methods or things that are innovative that you potentially have not used yourself, but could help push forward the research.","Web Front-end,Mechanical Turk",,Often,Critical to my research,It is usually possible for me to do this,Very hard,,,,,,,,,,,,,,,,,,,,,Rarely,Slightly help,It is usually possible for me to do this,It is usually possible for me to do this,,,,,0.75 FTEs,0 FTEs,It is unlikely that I could support any of my needs through grants.,I would be happy to contract these services through a university pool,I don’t,,,Regardless of whether I am applying for a grant.,"They are methods or things that are innovative that you potentially have not used yourself, but could help push forward the research.",,,,
2020-04-23 09:21:54,2020-04-23 09:30:24,IP Address,74.101.141.101,100,509,True,2020-04-23 09:30:24,R_1rjn2vUTLYGrPFL,,,,,40.7263031005859375,-73.9817962646484375,anonymous,EN,College of Dentistry,,Adjunct Professor,,Other (please write in):,otherstat,,,,,,,,,,,,,,,,,,,,,,,,,,,,,Sometimes,Moderately help,Not hard,It is usually possible for me to do this,1 FTEs,0 FTEs,It is unlikely that I could support any of my needs through grants.,I would consider contracting such services as long as there is someone that is a good fit for my needs.,I don’t,,,Regardless of whether I am applying for a grant.,"They are methods or things that are innovative that you potentially have not used yourself, but could help push forward the research.","Web Development,Software refactoring",,,,,,Sometimes,Moderately help,It is usually possible for me to do this,Not hard,,,,,,,,,Often,Slightly help,Not hard,It is usually possible for me to do this,,,,,,,,,,,,,0.75 FTEs,0.25 FTEs,"I would usually be able to support the level of effort that I need through grants, but it is difficult to hire skilled people given the duration of contracts and/or level of effort I require.",I would consider contracting such services as long as there is someone that is a good fit for my needs.,Seek consultation from outside the university (Please specify which:),,,After receiving a grant,They are methods or things that you know how to do but do not have the time to implement yourself.,,,,
2020-04-23 09:30:40,2020-04-23 09:33:58,IP Address,74.101.141.101,100,197,True,2020-04-23 09:33:58,R_2uxMKxH53xqpLNW,,,,,40.7263031005859375,-73.9817962646484375,anonymous,EN,"College of Dentistry,Rory Meyers College of Nursing",,Professor,,"Research Design,Preparing the Raw Data for Analysis,Model Selection and Specification",,Often,Greatly help,It is usually possible for me to do this,Very hard,,,,,Often,Not at all,Very hard,It is usually possible for me to do this,,,,,,,,,Sometimes,Greatly help,Not hard,It is usually possible for me to do this,,,,,,,,,0.75 FTEs,0 FTEs,It is unlikely that I could support any of my needs through grants.,I would consider contracting such services as long as there is someone that is a good fit for my needs.,"Hire a student,Collaborate with a professor,Seek consultation from outside the university (Please specify which:)",consult11,,Regardless of whether I am applying for a grant.,"They are methods or things that are innovative that you potentially have not used yourself, but could help push forward the research.",Containerization and Cloud Computing,,,,,,,,,,Sometimes,Critical to my research,It is usually possible for me to do this,Very hard,,,,,,,,,,,,,,,,,,,,,1 FTEs,1 FTEs,"I would usually be able to support the level of effort that I need through grants, but it is difficult to hire skilled people given the duration of contracts and/or level of effort I require.",I am skeptical of an arrangement where I didn't hire the person myself.,I don’t,,,Before a grant is submitted,They are methods or things that you know how to do but do not have the time to implement yourself.,,,decoy comment :),
2020-04-23 09:34:05,2020-04-23 09:35:44,IP Address,74.101.141.101,100,99,True,2020-04-23 09:35:44,R_3j2QKGdGFIKiA4z,,,,,40.7263031005859375,-73.9817962646484375,anonymous,EN,"Courant Institute of Mathematical Sciences,Leonard N. Stern School of Business,Tandon School of Engineering",,Associate Professor,,"Model Selection and Specification,Data Visualization",,,,,,,,,,Often,Slightly help,It is usually possible for me to do this,Not hard,,,,,,,,,,,,,Often,Critical to my research,Very hard,Very hard,,,,,0.25 FTEs,0.25 FTEs,"I would usually be able to support the level of effort that I need through grants, but it is difficult to hire skilled people given the duration of contracts and/or level of effort I require.",I would consider contracting such services as long as there is someone that is a good fit for my needs.,Hire a student,,,Regardless of whether I am applying for a grant.,"They are methods or things that are innovative that you potentially have not used yourself, but could help push forward the research.",Containerization and Cloud Computing,,,,,,,,,,Sometimes,Moderately help,Not hard,Very hard,,,,,,,,,,,,,,,,,,,,,0.5 FTEs,1 FTEs,It is usually possible for me to hire the personnel needed to satisfy my needs through grants on my own.,I would consider contracting such services as long as there is someone that is a good fit for my needs.,"Collaborate with a professor,Seek consultation from outside the university (Please specify which:)",,,Both before and after grants are submitted,They are methods or things that you know how to do but do not have the time to implement yourself.,,,,
2020-04-23 09:36:43,2020-04-23 09:46:09,IP Address,74.101.141.101,100,566,True,2020-04-23 09:46:09,R_1qVSvXSMmp74sh1,,,,,40.7263031005859375,-73.9817962646484375,anonymous,EN,"Steinhardt School of Culture, Education, and Human Development",,Student,,"Research Design,Preparation of Statistical Grant Materials,Preparing the Raw Data for Analysis,Model Selection and Specification,Coding/Software Help,Model Interpretation,Data Visualization",,Rarely,Moderately help,Very hard,It is usually possible for me to do this,Rarely,Slightly help,Very hard,Very hard,Sometimes,Critical to my research,Very hard,It is usually possible for me to do this,Often,Moderately help,Very hard,Not hard,Often,Greatly help,Very hard,Not hard,Often,Greatly help,Very hard,Not hard,Often,Greatly help,Very hard,It is usually possible for me to do this,,,,,0.5 FTEs,0.5 FTEs,I don’t need to hire anyone to help with statistical methodology,I would consider contracting such services as long as there is someone that is a good fit for my needs.,Other (Please specify which:),,ask my friend,Regardless of whether I am applying for a grant.,They are methods or things that you know how to do but do not have the time to implement yourself.,"Web Front-end,Web Development,Python or R package building",,Rarely,,Very hard,Very hard,Rarely,,Very hard,Very hard,,,,,Rarely,Slightly help,Very hard,Very hard,,,,,,,,,,,,,,,,,0.25 FTEs,0 FTEs,It is unlikely that I could support any of my needs through grants.,I would be happy to contract these services through a university pool,I don’t,,,Regardless of whether I am applying for a grant.,"They are methods or things that are innovative that you potentially have not used yourself, but could help push forward the research.",,,This is the little cat answering again   ₍˄·༝·˄₎◞ ̑̑,
2020-04-23 09:46:35,2020-04-23 09:48:40,IP Address,74.101.141.101,100,124,True,2020-04-23 09:48:40,R_1Ivl6AuUzuWyuIZ,,,,,40.7263031005859375,-73.9817962646484375,anonymous,EN,School of Global Public Health,,Associate Professor,,"Preparation of Statistical Grant Materials,Preparing the Raw Data for Analysis,Data Visualization",,,,,,Sometimes,Moderately help,It is usually possible for me to do this,It is usually possible for me to do this,,,,,,,,,,,,,Sometimes,Greatly help,It is usually possible for me to do this,It is usually possible for me to do this,Often,Greatly help,Not hard,Not hard,,,,,1 FTEs,0.25 FTEs,Usually I can only partially support the level of effort that I need through grants (even if hiring wasn't an obstacle).,I would consider contracting such services as long as there is someone that is a good fit for my needs.,"Hire a student,Collaborate with a professor",,,Regardless of whether I am applying for a grant.,They are methods or things that you know how to do but do not have the time to implement yourself.,Database,,,,,,,,,,,,,,,,,,,,,,Rarely,Slightly help,Very hard,Very hard,,,,,,,,,0.5 FTEs,0.25 FTEs,Usually I can only partially support the level of effort that I need through grants (even if hiring wasn't an obstacle).,I would consider contracting such services as long as there is someone that is a good fit for my needs.,I don’t,,,Regardless of whether I am applying for a grant.,"They are methods or things that are innovative that you potentially have not used yourself, but could help push forward the research.",,,,
2020-04-23 09:48:45,2020-04-23 09:50:33,IP Address,74.101.141.101,100,107,True,2020-04-23 09:50:33,R_3iR3fPGqLrHwC8r,,,,,40.7263031005859375,-73.9817962646484375,anonymous,EN,"NYU Shanghai,The Center for Urban Science and Progress (CUSP)",,Research Professor,,"Research Design,Preparing the Raw Data for Analysis,Coding/Software Help",,Often,Greatly help,Not hard,It is usually possible for me to do this,,,,,,,,,Often,Critical to my research,It is usually possible for me to do this,Not hard,,,,,Not at all,Not at all,Very hard,Very hard,,,,,,,,,0.75 FTEs,0 FTEs,Usually I can only partially support the level of effort that I need through grants (even if hiring wasn't an obstacle).,I am skeptical of an arrangement where I didn't hire the person myself.,"Hire a student,Seek consultation from outside the university (Please specify which:)",,,Before a grant is submitted,They are methods or things that you know how to do but do not have the time to implement yourself.,"Containerization and Cloud Computing,Python or R package building",,,,,,,,,,Not at all,Moderately help,It is usually possible for me to do this,Not hard,Sometimes,Critical to my research,It is usually possible for me to do this,Not hard,,,,,,,,,,,,,,,,,1 FTEs,0.5 FTEs,It is usually possible for me to hire the personnel needed to satisfy my needs through grants on my own.,I am skeptical of an arrangement where I didn't hire the person myself.,Collaborate with a professor,,,After receiving a grant,They are methods or things that you know how to do but do not have the time to implement yourself.,,,,
2020-04-23 09:50:40,2020-04-23 09:52:39,IP Address,74.101.141.101,100,119,True,2020-04-23 09:52:39,R_22zs8ihbsCyUizI,,,,,40.7263031005859375,-73.9817962646484375,anonymous,EN,NYU Abu Dhabi,,Adjunct Professor,,"Preparation of Statistical Grant Materials,Data Visualization",,,,,,Sometimes,Greatly help,Not hard,Very hard,,,,,,,,,,,,,,,,,Sometimes,Greatly help,It is usually possible for me to do this,Very hard,,,,,0.75 FTEs,0 FTEs,"I would usually be able to support the level of effort that I need through grants, but it is difficult to hire skilled people given the duration of contracts and/or level of effort I require.",I would be happy to contract these services through a university pool.,"Hire a student,Collaborate with a professor,Seek consultation from outside the university (Please specify which:)",,,Both before and after grants are submitted,They are methods or things that you know how to do but do not have the time to implement yourself.,"Containerization and Cloud Computing,Python or R package building,Software refactoring",,,,,,,,,,Often,Greatly help,It is usually possible for me to do this,Not hard,Often,Slightly help,Very hard,Very hard,Sometimes,Critical to my research,It is usually possible for me to do this,It is usually possible for me to do this,,,,,,,,,,,,,0.25 FTEs,0.5 FTEs,Usually I can only partially support the level of effort that I need through grants (even if hiring wasn't an obstacle).,I would consider contracting such services as long as there is someone that is a good fit for my needs.,Hire a student,,,Regardless of whether I am applying for a grant.,They are methods or things that you know how to do but do not have the time to implement yourself.,,,,
2020-04-23 10:13:35,2020-04-23 10:15:26,IP Address,74.101.141.101,100,110,True,2020-04-23 10:15:26,R_3L1HEGXGkVLPD8g,,,,,40.7263031005859375,-73.9817962646484375,anonymous,EN,Arts & Science,,Professor,,"Preparation of Statistical Grant Materials,Model Interpretation",,,,,,Sometimes,,,Not hard,,,,,,,,,Sometimes,Moderately help,It is usually possible for me to do this,It is usually possible for me to do this,,,,,,,,,,,,,0.75 FTEs,0.5 FTEs,"I would usually be able to support the level of effort that I need through grants, but it is difficult to hire skilled people given the duration of contracts and/or level of effort I require.",I am skeptical of an arrangement where I didn't hire the person myself.,"Collaborate with a professor,Seek consultation from outside the university (Please specify which:)",otherconsult111,,Regardless of whether I am applying for a grant.,"They are methods or things that are innovative that you potentially have not used yourself, but could help push forward the research.","Containerization and Cloud Computing,Mechanical Turk",,,,,,,,,,Sometimes,Slightly help,It is usually possible for me to do this,It is usually possible for me to do this,,,,,,,,,,,,,Often,Critical to my research,It is usually possible for me to do this,It is usually possible for me to do this,,,,,0.75 FTEs,1 FTEs,"I would usually be able to support the level of effort that I need through grants, but it is difficult to hire skilled people given the duration of contracts and/or level of effort I require.",I do not need any of these services.,Hire a student,,,Regardless of whether I am applying for a grant.,"They are methods or things that are innovative that you potentially have not used yourself, but could help push forward the research.",,,,
